<?xml version="1.0" encoding="UTF-8"?>
<project-private xmlns="http://www.netbeans.org/ns/project-private/1">
    <editor-bookmarks xmlns="http://www.netbeans.org/ns/editor-bookmarks/2" lastBookmarkId="0"/>
    <open-files xmlns="http://www.netbeans.org/ns/projectui-open-files/2">
        <group>
            <file>file:/C:/Users/HP/Documents/NetBeansProjects/cafesystem/src/View/Demo.java</file>
            <file>file:/C:/Users/HP/Documents/NetBeansProjects/cafesystem/src/model/LoginModel.java</file>
            <file>file:/C:/Users/HP/Documents/NetBeansProjects/cafesystem/src/model/Order.java</file>
            <file>file:/C:/Users/HP/Documents/NetBeansProjects/cafesystem/src/controller/OrderList.java</file>
            <file>file:/C:/Users/HP/Documents/NetBeansProjects/cafesystem/src/controller/ConnectionProvider.java</file>
            <file>file:/C:/Users/HP/Documents/NetBeansProjects/cafesystem/src/controller/Account.java</file>
            <file>file:/C:/Users/HP/Documents/NetBeansProjects/cafesystem/src/controller/OrderControl.java</file>
            <file>file:/C:/Users/HP/Documents/NetBeansProjects/cafesystem/src/model/M_Orderlist.java</file>
            <file>file:/C:/Users/HP/Documents/NetBeansProjects/cafesystem/src/View/viewselling.java</file>
            <file>file:/C:/Users/HP/Documents/NetBeansProjects/cafesystem/src/model/CustomerAccount.java</file>
            <file>file:/C:/Users/HP/Documents/NetBeansProjects/cafesystem/src/View/login.java</file>
        </group>
    </open-files>
</project-private>
